Aeugst am Albis,679300,235700
Affoltern am Albis,676800,236800
Bonstetten,677800,241000
Hausen am Albis,682900,233100
Hedingen,676400,239000
Kappel am Albis,682400,231300
Knonau,677500,230900
Maschwanden,674800,232000
Mettmenstetten,677600,233000
Obfelden,675100,235300
Ottenbach,673000,237200
Rifferswil,680100,232800
Stallikon,679500,242100
Wettswil am Albis,678200,243700
Adlikon,694300,271000
Benken (ZH),691300,278800
Berg am Irchel,687200,269400
Buch am Irchel,689100,267000
Dachsen,688600,280000
Dorf,691000,269800
Feuerthalen,690400,283000
Flaach,688000,270100
Flurlingen,689400,282000
Andelfingen,693300,272200
Henggart,693600,268700
Humlikon,692700,270300
Kleinandelfingen,693600,272800
Laufen-Uhwiesen,689800,280600
Marthalen,690900,275700
Ossingen,696800,274200
Rheinau,687700,277700
Thalheim an der Thur,699000,270600
Trüllikon,694300,277100
Truttikon,696800,276200
Volken,689300,270000
Bachenbülach,683600,262000
Bassersdorf,689800,255500
Bülach,683000,263700
Dietlikon,689000,253400
Eglisau,681600,269900
Embrach,687100,262000
Freienstein-Teufen,686300,265100
Glattfelden,680000,268000
Hochfelden,681200,264100
Höri,680600,262400
Hüntwangen,679200,272200
Kloten,686300,256300
Lufingen,687200,260500
Nürensdorf,691300,255800
Oberembrach,688900,260300
Opfikon,685900,254100
Rafz,682600,274100
Rorbas,685700,264800
Wallisellen,687200,252200
Wasterkingen,677800,271600
Wil (ZH),680400,273300
Winkel,684200,260800
Bachs,675400,264300
Boppelsen,672600,258200
Buchs (ZH),675400,256800
Dällikon,675400,254800
Dänikon,672900,255400
Dielsdorf,676500,259600
Hüttikon,671500,255400
Neerach,678000,263000
Niederglatt,680300,260600
Niederhasli,678900,259500
Niederweningen,670700,262000
Oberglatt,681500,259000
Oberweningen,672900,261700
Otelfingen,671500,257200
Regensberg,675400,259600
Regensdorf,677500,253800
Rümlang,682400,256200
Schleinikon,672100,261200
Schöfflisdorf,673700,261500
Stadel,677500,264700
Steinmaur,676600,261500
Weiach,675200,267800
Bäretswil,707200,243800
Bubikon,704400,236300
Dürnten,706200,237200
Fischenthal,712100,243400
Gossau (ZH),699600,240400
Grüningen,700200,237900
Hinwil,706400,239800
Rüti (ZH),707000,235300
Seegräben,700800,244300
Wald (ZH),711700,237200
Wetzikon (ZH),702700,242100
Adliswil,682200,240700
Kilchberg (ZH),683400,241300
Langnau am Albis,683400,238100
Oberrieden,686300,236800
Richterswil,696000,229300
Rüschlikon,684400,240400
Thalwil,685500,238300
Erlenbach (ZH),687200,239800
Herrliberg,688700,237700
Hombrechtikon,700500,234300
Küsnacht (ZH),686600,241300
Männedorf,695200,234400
Meilen,691300,236100
Oetwil am See,697000,236300
Stäfa,697000,233000
Uetikon am See,693800,235400
Zumikon,689700,242900
Zollikon,685800,243800
Fehraltorf,699200,249400
Hittnau,704800,246900
Lindau,693000,255300
Pfäffikon,701700,246900
Russikon,701000,250200
Weisslingen,700000,254300
Wila,706200,253100
Wildberg,704000,253800
Dübendorf,689300,250400
Egg,694700,239600
Fällanden,690700,247300
Greifensee,693600,246800
Maur,693000,244000
Mönchaltorf,697000,240700
Schwerzenbach,692200,248800
Uster,696700,245000
Volketswil,694800,249500
Wangen-Brüttisellen,691100,251800
Altikon,701000,270000
Brütten,693100,258700
Dägerlen,696600,268600
Dättlikon,689300,264300
Dinhard,700000,268000
Ellikon an der Thur,704300,269000
Elsau,702700,262500
Hagenbuch,709200,264400
Hettlingen,695500,266900
Neftenbach,692500,264900
Pfungen,690500,263400
Rickenbach (ZH),702200,267700
Schlatt (ZH),704700,258400
Seuzach,697400,265800
Turbenthal,706100,255000
Winterthur,697200,261700
Zell (ZH),700800,257000
Aesch (ZH),675500,243300
Birmensdorf (ZH),675500,245400
Dietikon,672500,251000
Geroldswil,673400,252600
Oberengstringen,677300,251400
Oetwil an der Limmat,672200,253500
Schlieren,676200,250000
Uitikon,676600,247200
Unterengstringen,676300,251600
Urdorf,674400,248400
Weiningen (ZH),675200,252600
Zürich,683100,247100
Stammheim,702400,276500
Wädenswil,693400,231600
Elgg,707700,260900
Horgen,687800,234900
Illnau-Effretikon,694200,253700
Bauma,708700,247300
Wiesendangen,701700,264300
Aarberg,587800,210500
Bargen (BE),586600,209700
Grossaffoltern,594100,212800
Kallnach,584600,207700
Kappelen,587000,212100
Lyss,590000,213700
Meikirch,594300,206500
Radelfingen,587400,207800
Rapperswil (BE),597900,212500
Schüpfen,595400,209700
Seedorf (BE),590400,209400
Aarwangen,625100,232200
Auswil,630100,220500
Bannwil,622500,231800
Bleienbach,624100,226000
Busswil bei Melchnau,629500,226100
Gondiswil,632900,221800
Langenthal,626400,229100
Lotzwil,626700,226700
Madiswil,627300,223900
Melchnau,631300,225800
Obersteckholz,628900,227700
Oeschenbach,623400,216800
Reisiswil,630700,223900
Roggwil (BE),629000,232200
Rohrbach,628600,220600
Rohrbachgraben,627200,217300
Rütschelen,625500,224900
Schwarzhäusern,624900,233500
Thunstetten,623200,229300
Ursenbach,625300,220700
Wynau,628700,234300
Bern,600100,199700
Bolligen,604300,202600
Bremgarten bei Bern,600000,203100
Kirchlindach,598200,205500
Köniz,598300,197200
Muri bei Bern,603700,197700
Oberbalm,597400,191400
Stettlen,606500,200900
Vechigen,609300,199400
Wohlen bei Bern,593900,202500
Zollikofen,601200,205300
Ittigen,603100,202700
Ostermundigen,603600,200600
Biel/Bienne,585500,221200
Evilard,585000,222000
Arch,599300,223900
Büetigen,592700,217200
Büren an der Aare,595000,220900
Diessbach bei Büren,594200,217500
Dotzigen,592600,218800
Lengnau (BE),594500,225700
Leuzigen,601400,224800
Meienried,592400,220900
Meinisberg,593200,223200
Oberwil bei Büren,597500,219700
Pieterlen,592300,224900
Rüti bei Büren,597500,222300
Wengi,597100,214600
Aefligen,609000,216000
Alchenstorf,615500,219200
Bäriswil,606700,207600
Burgdorf,614000,211700
Ersigen,612000,216000
Hasle bei Burgdorf,616500,207300
Heimiswil,616800,212700
Hellsau,615900,221700
Hindelbank,607800,210100
Höchstetten,614700,221300
Kernenried,608200,213100
Kirchberg (BE),611000,214800
Koppigen,612500,220200
Krauchthal,609700,206500
Lyssach,610600,212900
Mötschwil,609900,211000
Oberburg,614300,209600
Rüdtligen-Alchenflüh,610000,215100
Rumendingen,615500,217200
Rüti bei Lyssach,610600,211500
Willadingen,613300,221700
Wynigen,617300,217200
Corgémont,577500,227000
Cormoret,570800,224700
Cortébert,574900,226600
Courtelary,572300,225400
La Ferrière,558700,221200
Mont-Tramelan,570100,228500
Orvin,583000,223300
Renan (BE),561300,219600
Romont (BE),592600,226400
Saint-Imier,566600,222000
Sonceboz-Sombeval,580300,227300
Sonvilier,564000,221000
Tramelan,574500,230300
Villeret,568200,223100
Sauge,588500,226400
Péry-La Heutte,585700,227000
Brüttelen,577900,208000
Erlach,574000,210300
Finsterhennen,580300,208200
Gals,570500,208600
Gampelen,571100,207100
Ins,574600,206200
Lüscherz,578200,210600
Müntschemier,577800,205000
Siselen,581100,209100
Treiten,578900,206500
Tschugg,572400,208400
Vinelz,575100,209200
Bätterkinden,607600,220000
Deisswil bei Münchenbuchsee,601300,209300
Diemerswil,599200,207500
Fraubrunnen,606500,215000
Jegenstorf,605100,210800
Iffwil,603100,212500
Mattstetten,605700,208800
Moosseedorf,603300,207200
Münchenbuchsee,600900,207800
Urtenen-Schönbühl,604500,208500
Utzenstorf,609000,219600
Wiggiswil,602300,208800
Wiler bei Utzenstorf,609100,222300
Zielebach,610400,223000
Zuzwil (BE),602600,211100
Adelboden,609200,149100
Aeschi bei Spiez,619700,167500
Frutigen,616000,159700
Kandergrund,617200,155000
Kandersteg,618100,149300
Krattigen,622100,167900
Reichenbach im Kandertal,619500,163800
Beatenberg,627300,172000
Bönigen,634900,170600
Brienz (BE),645300,178500
Brienzwiler,650600,178100
Därligen,628300,167900
Grindelwald,645700,163900
Gsteigwiler,633300,167100
Gündlischwand,636300,164700
Habkern,632500,175100
Hofstetten bei Brienz,648600,178300
Interlaken,632000,170300
Iseltwald,640200,173300
Lauterbrunnen,636500,161200
Leissigen,625600,167000
Lütschental,639400,165300
Matten bei Interlaken,632800,169700
Niederried bei Interlaken,637600,174200
Oberried am Brienzersee,640100,176400
Ringgenberg (BE),635000,172400
Saxeten,630100,165100
Schwanden bei Brienz,647200,178900
Unterseen,631200,170400
Wilderswil,632600,168000
Arni (BE),617200,198200
Biglen,614400,197300
Bowil,619600,193500
Brenzikofen,613400,185100
Freimettigen,614400,190700
Grosshöchstetten,615200,195100
Häutligen,612700,189600
Herbligen,612800,186400
Kiesen,611000,185400
Konolfingen,613900,192000
Landiswil,618300,200800
Linden,618300,188500
Mirchel,615900,193800
Münsingen,609400,191500
Niederhünigen,615200,191800
Oberdiessbach,613800,187700
Oberthal,617900,196100
Oppligen,612200,185600
Rubigen,608200,194200
Walkringen,613800,199500
Worb,609500,197600
Zäziwil,616900,194500
Oberhünigen,617100,192000
Allmendingen,606600,195900
Wichtrach,610500,188700
Clavaleyres,573500,194200
Ferenbalm,582700,198800
Frauenkappelen,592300,200400
Gurbrü,583000,201500
Kriechenwil,583900,195600
Laupen,584800,194600
Mühleberg,586600,200400
Münchenwiler,576200,195800
Neuenegg,589700,193800
Wileroltigen,584900,202100
Belprahon,597500,237200
Champoz,589400,233900
Corcelles (BE),601200,237100
Court,592400,232100
Crémines,600100,236900
Eschert,597000,236000
Grandval,599000,236900
Loveresse,584700,232400
Moutier,594900,236500
Perrefitte,592700,236000
Reconvilier,583800,231600
Roches (BE),595900,239000
Saicourt,582500,232500
Saules (BE),583400,232700
Schelten,608500,242500
Seehof,606200,239300
Sorvilier,589900,232000
Tavannes,581800,230000
Rebévelier,580000,237500
Petit-Val,585200,235900
Valbirse,587300,231900
La Neuveville,573800,212600
Nods,572800,218100
Plateau de Diesse,576600,216500
Aegerten,588600,219000
Bellmund,585300,217200
Brügg,588200,219200
Bühl,585300,213200
Epsach,583400,213200
Hagneck,580900,211800
Hermrigen,585200,214500
Jens,586600,216300
Ipsach,584500,218400
Ligerz,577100,214900
Merzligen,585800,215100
Mörigen,582900,214900
Nidau,584900,219300
Orpund,590000,220900
Port,586100,218400
Safnern,591300,222100
Scheuren,590800,220300
Schwadernau,590000,219800
Studen (BE),589300,218400
Sutz-Lattrigen,583300,216800
Täuffelen,581900,212900
Walperswil,584000,212100
Worben,588700,216300
Twann-Tüscherz,578600,215900
Därstetten,604100,167600
Diemtigen,609700,166400
Erlenbach im Simmental,608700,167800
Oberwil im Simmental,599600,167300
Reutigen,613900,171500
Spiez,618600,170600
Wimmis,615500,169500
Stocken-Höfen,608900,174000
Guttannen,665200,167600
Hasliberg,656300,177900
Innertkirchen,660400,173000
Meiringen,657200,175400
Schattenhalb,657600,174300
Boltigen,596500,164200
Lenk,600300,145100
St. Stephan,596700,150900
Zweisimmen,594900,155900
Gsteig,586800,137100
Lauenen,591100,141400
Saanen,587500,147500
Guggisberg,591600,179600
Rüschegg,595300,180700
Schwarzenburg,592600,185200
Belp,604700,193300
Burgistein,604800,181500
Gerzensee,608200,187600
Gurzelen,607200,181000
Jaberg,610000,185100
Kaufdorf,604600,187500
Kehrsatz,602500,195400
Kirchdorf (BE),608500,185500
Niedermuhlern,602100,190000
Riggisberg,603000,184300
Rüeggisberg,600100,185600
Rümligen,604500,186600
Seftigen,607700,181900
Toffen,604000,189800
Uttigen,610400,182600
Wattenwil,605400,179900
Wald (BE),602500,192300
Thurnen,605300,184700
Eggiwil,627300,191600
Langnau im Emmental,626400,198900
Lauperswil,623300,202100
Röthenbach im Emmental,623100,189300
Rüderswil,621600,203600
Schangnau,632200,186300
Signau,621900,196600
Trub,633600,199200
Trubschachen,630900,196900
Amsoldingen,610900,175100
Blumenstein,606300,176600
Buchholterberg,619600,185900
Eriz,625900,182000
Fahrni,616500,182500
Heiligenschwendi,619000,177600
Heimberg,612800,182500
Hilterfingen,616000,177200
Homberg,618800,180500
Horrenbach-Buchen,624000,181100
Oberhofen am Thunersee,617600,175500
Oberlangenegg,623500,184200
Pohlern,607800,174700
Sigriswil,621100,174000
Steffisburg,615000,180700
Teuffenthal (BE),620800,179600
Thierachern,610200,177900
Thun,614200,178400
Uebeschi,608900,176300
Uetendorf,610200,180400
Unterlangenegg,620000,182800
Wachseldorn,622300,185600
Zwieselberg,613600,173000
Forst-Längenbühl,606400,179200
Affoltern im Emmental,622300,212700
Dürrenroth,626800,215400
Eriswil,631300,214300
Huttwil,631100,218200
Lützelflüh,618700,206200
Rüegsau,617900,208300
Sumiswald,623300,208600
Trachselwald,622800,207400
Walterswil (BE),625600,218000
Wyssachen,629400,214900
Attiswil,613300,233300
Berken,620500,230500
Bettenhausen,620900,224700
Farnern,613900,235100
Graben,621300,229600
Heimenhausen,619800,228800
Herzogenbuchsee,620200,226300
Inkwil,617600,227900
Niederbipp,619500,235100
Niederönz,619200,226300
Oberbipp,616800,234400
Ochlenberg,622500,222100
Rumisberg,615300,234800
Seeberg,617500,222000
Thörigen,622000,224800
Walliswil bei Niederbipp,619100,231700
Walliswil bei Wangen,618500,231100
Wangen an der Aare,616400,231500
Wangenried,616500,229800
Wiedlisbach,615800,233500
Doppleschwand,646900,207700
Entlebuch,647600,204800
Flühli,644000,192600
Hasle (LU),646600,203400
Romoos,644800,206900
Schüpfheim,644200,200400
Werthenstein,650400,211600
Escholzmatt-Marbach,637800,196000
Aesch (LU),660800,234200
Altwis,661600,232200
Ballwil,666900,222800
Emmen,664800,214100
Ermensee,660700,231000
Eschenbach (LU),666900,220500
Hitzkirch,662500,230800
Hochdorf,664500,224500
Hohenrain,666700,225900
Inwil,669200,219500
Rain,661900,220000
Römerswil,661200,224600
Rothenburg,663000,216600
Schongau,662500,235600
Adligenswil,670300,213700
Buchrain,669000,216500
Dierikon,670800,216700
Ebikon,668600,215000
Gisikon,672900,220000
Greppen,675300,212000
Honau,673400,220700
Horw,666300,207900
Kriens,663800,209600
Luzern,666200,211800
Malters,656700,209800
Meggen,671000,211000
Meierskappel,676200,219800
Root,672300,218700
Schwarzenberg,655900,207600
Udligenswil,673100,215900
Vitznau,679500,207200
Weggis,675700,209500
Beromünster,657000,228600
Büron,649700,229400
Buttisholz,649800,218400
Eich,655300,222500
Geuensee,650700,227700
Grosswangen,646300,220400
Hildisrieden,660000,222500
Knutwil,648000,227800
Mauensee,647600,224300
Neuenkirch,658100,216700
Nottwil,653000,220700
Oberkirch,651300,223000
Rickenbach (LU),654200,230100
Ruswil,652200,215100
Schenkon,653100,224800
Schlierbach,651200,230700
Sempach,657100,220700
Sursee,650700,224700
Triengen,648400,231700
Wolhusen,648200,212100
Alberswil,642700,222500
Altbüron,633600,225600
Altishofen,639600,228000
Dagmersellen,641700,229200
Egolzwil,643100,226200
Ettiswil,643900,222200
Fischbach,635600,222800
Gettnau,640200,221200
Grossdietwil,634000,224500
Hergiswil bei Willisau,639400,215000
Luthern,636300,212200
Menznau,645600,215000
Nebikon,640800,226900
Pfaffnau,634800,231000
Reiden,640300,233000
Roggliswil,633900,229100
Schötz,641700,224500
Ufhusen,634800,218600
Wauwil,644300,226300
Wikon,640300,234700
Zell (LU),636700,221000
Willisau,641900,219100
Altdorf (UR),691800,192900
Andermatt,688600,165400
Attinghausen,690900,190700
Bauen,686900,199000
Bürglen (UR),693300,192300
Erstfeld,692500,186300
Flüelen,690400,195600
Göschenen,687900,169100
Gurtnellen,691000,177100
Hospental,686500,163700
Isenthal,685500,196100
Realp,681500,161400
Schattdorf,692800,191000
Seedorf (UR),689500,192800
Seelisberg,687400,202700
Silenen,694100,182900
Sisikon,690100,200500
Spiringen,698300,192100
Unterschächen,701500,191100
Wassen,688800,173400
Einsiedeln,699800,220400
Gersau,682700,205100
Feusisberg,699200,227100
Freienbach,701400,228700
Wollerau,697100,228000
Küssnacht (SZ),676100,215100
Altendorf,705500,227700
Galgenen,708800,226700
Innerthal,712400,218300
Lachen,707200,227700
Reichenburg,716500,225500
Schübelbach,712900,225800
Tuggen,714000,229100
Vorderthal,710900,220100
Wangen (SZ),710400,227700
Alpthal,697000,214100
Arth,683500,212100
Illgau,697900,204900
Ingenbohl,689000,206000
Lauerz,686700,210000
Morschach,689800,204000
Muotathal,700400,203500
Oberiberg,702100,210700
Riemenstalden,693500,200300
Rothenthurm,693900,217800
Sattel,690900,215200
Schwyz,692400,208500
Steinen,689300,211600
Steinerberg,687000,212000
Unteriberg,703600,212900
Alpnach,663600,199200
Engelberg,673700,186100
Giswil,657100,187800
Kerns,663700,194800
Lungern,654900,181800
Sachseln,661000,191200
Sarnen,661400,194200
Beckenried,678800,202200
Buochs,674700,203000
Dallenwil,672400,197600
Emmetten,682200,201200
Ennetbürgen,674300,204200
Ennetmoos,667200,199400
Hergiswil (NW),666400,204400
Oberdorf (NW),672100,201200
Stans,670600,201100
Stansstad,668500,203300
Wolfenschiessen,672900,195800
Glarus Nord,723200,217800
Glarus Süd,724300,206100
Glarus,723700,211300
Baar,682600,227800
Cham,677400,226100
Hünenberg,674900,225200
Menzingen,687300,226000
Neuheim,686100,228900
Oberägeri,689200,221100
Risch,675100,221600
Steinhausen,679300,227900
Unterägeri,686900,221300
Walchwil,681700,217200
Zug,681800,224700
Châtillon (FR),553400,187000
Cheiry,554000,177800
Cugy (FR),558200,184900
Fétigny,560100,183100
Gletterens,561800,193900
Lully (FR),554800,187100
Ménières,557400,181500
Montagny (FR),566200,185200
Nuvilly,553600,181500
Prévondavaux,550900,175600
Saint-Aubin (FR),565100,193400
Sévaz,557000,187600
Surpierre,555800,177200
Vallon,563100,192700
Les Montets,556500,185100
Delley-Portalban,563200,196300
Belmont-Broye,567600,190700
Estavayer,555000,188900
Cheyres-Châbles,550300,185000
Auboranges,551500,159200
Billens-Hennens,558700,171200
Chapelle (Glâne),553700,159800
Le Châtelard,564700,169700
Châtonnaye,561800,178200
Ecublens (FR),551800,162200
Grangettes,563400,169700
Massonnens,564500,172200
Mézières (FR),560800,169800
Montet (Glâne),552200,166100
Romont (FR),560300,171800
Rue,552900,163400
Siviriez,557100,167600
Ursy,553700,165000
Vuisternens-devant-Romont,561000,167300
Villorsonnens,566100,174000
Torny,563900,180000
Villaz,563200,174400
Haut-Intyamon,570600,151900
Pont-en-Ogoz,573000,170700
Botterens,575000,163400
Broc,574000,161400
Bulle,570800,162700
Châtel-sur-Montsalvens,576000,162500
Corbières,574200,167600
Crésuz,577100,163100
Echarlens,572100,166400
Grandvillard,573000,154200
Gruyères,572700,159200
Hauteville,574800,168800
Jaun,587700,162200
Marsens,571200,167200
Morlon,573000,163900
Le Pâquier (FR),570600,160300
Pont-la-Ville,574900,172200
Riaz,571100,165500
La Roche,577000,171700
Sâles,564400,165000
Sorens,571000,168700
Vaulruz,565600,163400
Vuadens,568100,163000
Bas-Intyamon,572800,157300
Val-de-Charmey,578800,163500
Arconciel,575900,177300
Autigny,568100,176200
Avry,571900,182000
Belfaux,574700,185600
Chénens,566600,176700
Corminboeuf,574500,184200
Cottens (FR),568900,177900
Ependes (FR),577600,178200
Ferpicloz,579300,177400
Fribourg,577900,183600
Givisiez,576500,184800
Granges-Paccot,577400,186000
Grolley,571900,187000
Marly,578800,180600
Matran,573900,181500
Neyruz (FR),571500,179700
Pierrafortscha,580700,181800
Ponthaux,569600,185000
Le Mouret,580100,177800
Senèdes,577400,176800
Treyvaux,577000,175100
Villars-sur-Glâne,577000,182200
Villarsel-sur-Marly,579800,178900
Hauterive (FR),573800,178900
La Brillaz,566800,178700
La Sonnaz,576800,187000
Gibloux,571500,174500
Prez,567700,181700
Courgevaux,575100,195000
Courtepin,576100,190300
Cressier (FR),577300,194200
Fräschels,582500,205200
Galmiz,578700,199900
Gempenach,581700,198900
Greng,573800,195600
Gurmels,579700,193600
Kerzers,581600,202600
Kleinbösingen,582200,193700
Meyriez,574800,197000
Misery-Courtion,571600,189100
Muntelier,576000,198300
Murten,575600,197400
Ried bei Kerzers,580800,200400
Ulmiz,581900,197900
Mont-Vully,575000,200900
Alterswil,586400,182600
Brünisried,587700,178900
Düdingen,581100,188400
Giffers,582600,178900
Bösingen,584000,193500
Heitenried,589400,186200
Plaffeien,588500,176600
Plasselb,585800,175800
Rechthalten,584900,179700
St. Antoni,586400,185700
St. Silvester,583300,176700
St. Ursen,583200,182100
Schmitten (FR),585400,189400
Tafers,583100,184900
Tentlingen,581600,180000
Ueberstorf,590300,190400
Wünnewil-Flamatt,587700,191500
Attalens,554700,151200
Bossonnens,554700,152400
Châtel-Saint-Denis,558800,153000
Granges (Veveyse),553300,152800
Remaufens,557000,153100
Saint-Martin (FR),556300,158500
Semsales,560900,158200
Le Flon,556200,161200
La Verrerie,560400,159900
Staatswald Galm,579500,196000
Egerkingen,626800,241300
Härkingen,628700,239900
Kestenholz,623900,236800
Neuendorf,627000,239200
Niederbuchsiten,625200,238500
Oberbuchsiten,624800,239900
Oensingen,621100,237800
Wolfwil,627200,235500
Aedermannsdorf,612900,239400
Balsthal,619300,240600
Gänsbrunnen,602200,234500
Herbetswil,611600,238400
Holderbank (SO),624000,242500
Laupersdorf,616000,240400
Matzendorf,614400,239600
Mümliswil-Ramiswil,619900,243400
Welschenrohr,606800,236700
Biezwil,598400,218100
Lüterkofen-Ichertswil,605600,223500
Lüterswil-Gächliwil,600000,218800
Messen,600700,215700
Schnottwil,596400,217800
Unterramsern,603400,218700
Lüsslingen-Nennigkofen,604800,226600
Buchegg,602800,220400
Bättwil,605400,259900
Büren (SO),617500,255400
Dornach,613300,258800
Gempen,616600,258300
Hochwald,615200,256200
Hofstetten-Flüh,605800,258300
Metzerlen-Mariastein,602000,257300
Nuglar-St. Pantaleon,619200,257900
Rodersdorf,601400,258900
Seewen,616600,253700
Witterswil,606300,259400
Hauenstein-Ifenthal,631500,247100
Kienberg,639800,254400
Lostorf,638400,248200
Niedergösgen,641700,247000
Obergösgen,638800,246100
Rohr (SO),639000,251100
Stüsslingen,640100,249100
Trimbach,635000,245900
Winznau,637400,246100
Wisen (SO),633800,249200
Erlinsbach (SO),642900,249700
Aeschi (SO),617000,225500
Biberist,609100,225700
Bolken,617000,226700
Deitingen,613800,229300
Derendingen,611200,227200
Etziken,615800,226200
Gerlafingen,610100,224400
Halten,612500,224300
Horriwil,614100,225600
Hüniken,614900,226000
Kriegstetten,612000,225000
Lohn-Ammannsegg,606500,224300
Luterbach,611200,229400
Obergerlafingen,611100,223500
Oekingen,612600,225400
Recherswil,611900,223400
Subingen,613500,227300
Zuchwil,608300,227900
Drei Höfe,614900,222900
Balm bei Günsberg,609100,233600
Bellach,604000,229000
Bettlach,598900,228000
Feldbrunnen-St. Niklaus,608900,230000
Flumenthal,612200,231700
Grenchen,596700,226900
Günsberg,610500,234100
Hubersdorf,611400,232900
Kammersrohr,611700,233700
Langendorf,605800,230100
Lommiswil,602500,230300
Oberdorf (SO),604900,231000
Riedholz,609600,230900
Rüttenen,607000,231100
Selzach,601100,228300
Boningen,631600,239800
Däniken,641100,245100
Dulliken,638300,244300
Eppenberg-Wöschnau,644200,247400
Fulenbach,630000,236100
Gretzenbach,642200,245300
Gunzgen,629500,240600
Hägendorf,630500,242800
Kappel (SO),631000,241500
Olten,634700,244700
Rickenbach (SO),631500,243500
Schönenwerd,642800,246900
Starrkirch-Wil,636800,244700
Walterswil (SO),639500,241600
Wangen bei Olten,632500,243900
Solothurn,606900,228800
Bärschwil,602600,247900
Beinwil (SO),611200,245700
Breitenbach,607900,250700
Büsserach,607600,248900
Erschwil,607800,246800
Fehren,610600,249500
Grindel,604800,247800
Himmelried,612000,252300
Kleinlützel,598400,252800
Meltingen,611400,248600
Nunningen,613600,249200
Zullwil,612200,248900
Basel,611300,267600
Bettingen,617100,268900
Riehen,615300,269500
Aesch (BL),611900,257500
Allschwil,607300,266700
Arlesheim,613700,260400
Biel-Benken,606700,261800
Binningen,610000,265200
Birsfelden,613900,266900
Bottmingen,610100,263600
Ettingen,608000,258900
Münchenstein,613400,262500
Muttenz,615100,264300
Oberwil (BL),608900,262600
Pfeffingen,611300,256500
Reinach (BL),611400,260300
Schönenbuch,604700,265200
Therwil,608700,260900
Blauen,606100,255500
Brislach,607900,251900
Burg im Leimental,600200,256300
Dittingen,604500,254400
Duggingen,612500,255800
Grellingen,611300,254600
Laufen,604700,252200
Liesberg,599300,250300
Nenzlingen,609300,255300
Roggenburg,592600,253700
Röschenz,602800,252600
Wahlen,605800,250000
Zwingen,606900,253900
Arisdorf,624600,262300
Augst,621000,265000
Bubendorf,622500,255300
Frenkendorf,620900,261400
Füllinsdorf,621900,261700
Giebenach,623100,263600
Hersberg,626000,260200
Lausen,624200,258000
Liestal,622300,259400
Lupsingen,619300,255100
Pratteln,619300,263400
Ramlinsburg,624500,255400
Seltisberg,621000,256600
Ziefen,620300,253400
Anwil,637900,255700
Böckten,629900,257000
Buckten,630700,251100
Buus,632100,261700
Diepflingen,630100,255100
Gelterkinden,631400,257100
Häfelfingen,632300,251600
Hemmiken,634200,259800
Itingen,626100,257400
Känerkinden,630000,251300
Kilchberg (BL),634700,252900
Läufelfingen,631600,249500
Maisprach,630700,263800
Nusshof,627600,260100
Oltingen,637400,253600
Ormalingen,633000,257700
Rickenbach (BL),631100,259400
Rothenfluh,635900,256700
Rümlingen,630900,252600
Rünenberg,633600,253600
Sissach,628100,256900
Tecknau,633500,255600
Tenniken,628200,254000
Thürnen,629500,256100
Wenslingen,635600,254400
Wintersingen,629100,260400
Wittinsburg,630400,252900
Zeglingen,635200,251900
Zunzgen,627800,255400
Arboldswil,621000,251800
Bennwil,625800,250300
Bretzwil,616100,249700
Diegten,628100,251500
Eptingen,628800,248400
Hölstein,625000,252700
Lampenberg,624200,252800
Langenbruck,624800,244300
Lauwil,617900,248800
Liedertswil,621100,249000
Niederdorf,623600,250700
Oberdorf (BL),623500,249200
Reigoldswil,619100,249600
Titterten,621000,250200
Waldenburg,623200,247900
Gächlingen,679700,284200
Löhningen,683700,284000
Neunkirch,679600,282700
Büttenhardt,691100,290300
Dörflingen,696100,284800
Lohn (SH),692400,290200
Stetten (SH),691800,288400
Thayngen,695100,289300
Bargen (SH),687900,294100
Beringen,685300,283700
Buchberg,684500,269700
Merishausen,687700,290700
Neuhausen am Rheinfall,688500,281900
Rüdlingen,684600,270700
Schaffhausen,689600,283800
Beggingen,682400,291300
Schleitheim,678600,289300
Siblingen,681200,285400
Buch (SH),700900,286000
Hemishofen,704600,281600
Ramsen,702900,285000
Stein am Rhein,706700,279800
Hallau,676500,283400
Oberhallau,678000,284400
Trasadingen,674600,280200
Wilchingen,677300,280100
Herisau,738700,250300
Hundwil,742000,247700
Schönengrund,735200,243200
Schwellbrunn,736800,246100
Stein (AR),743900,248700
Urnäsch,739600,242400
Waldstatt,739500,246700
Bühler,749500,248800
Gais,752200,247700
Speicher,751200,253100
Teufen (AR),747100,250700
Trogen,752900,252800
Grub (AR),756200,257400
Heiden,758000,256900
Lutzenberg,760600,258700
Rehetobel,754200,254800
Reute (AR),761200,254300
Wald (AR),754700,253700
Walzenhausen,763200,257700
Wolfhalden,759200,258000
Appenzell,749000,244100
Gonten,744700,243700
Rüte,750500,243000
Schlatt-Haslen,745700,248300
Schwende,751000,240800
Oberegg,759400,254600
Häggenschwil,743400,262100
Muolen,742000,265100
St. Gallen,746200,254600
Wittenbach,746300,258700
Berg (SG),748300,261300
Eggersriet,753400,256600
Goldach,752800,260000
Mörschwil,749600,259500
Rorschach,754800,260700
Rorschacherberg,756100,259500
Steinach,750800,263300
Tübach,751700,261400
Untereggen,751800,257900
Au (SG),765800,256100
Balgach,763800,253000
Berneck,764000,255000
Diepoldsau,767400,250600
Rheineck,762100,259500
St. Margrethen,765500,258100
Thal,760700,259300
Widnau,765700,252900
Altstätten,758700,249600
Eichberg,757500,245900
Marbach (SG),760800,251200
Oberriet (SG),760700,243200
Rebstein,761900,252100
Rüthi (SG),758800,240300
Buchs (SG),754100,225800
Gams,751800,230100
Grabs,751900,227700
Sennwald,756300,236500
Sevelen,755200,221000
Wartau,755300,217800
Bad Ragaz,756900,207900
Flums,744500,217400
Mels,750500,212500
Pfäfers,756900,206300
Quarten,736700,219000
Sargans,752100,212700
Vilters-Wangs,753000,210100
Walenstadt,742200,220900
Amden,729800,223400
Benken (SG),718700,228700
Kaltbrunn,720300,230400
Schänis,721900,224500
Weesen,725500,221500
Schmerikon,714000,231600
Uznach,717100,231500
Rapperswil-Jona,705900,232200
Gommiswald,720000,232300
Eschenbach (SG),712300,233200
Ebnat-Kappel,727500,236000
Wildhaus-Alt St. Johann,739900,228600
Nesslau,733400,231800
Hemberg,731300,240300
Lichtensteig,724600,242800
Oberhelfenschwil,726500,246200
Neckertal,728200,247100
Wattwil,724800,240500
Kirchberg (SG),720800,252400
Lütisburg,723800,250600
Mosnang,721000,247000
Bütschwil-Ganterschwil,723400,246800
Degersheim,732800,248400
Flawil,731900,252800
Jonschwil,724400,253900
Oberuzwil,727100,254700
Uzwil,728500,256300
Niederbüren,733100,258700
Niederhelfenschwil,731700,259800
Oberbüren,729900,257000
Zuzwil (SG),726000,259600
Wil (SG),721000,258000
Andwil (SG),738500,255500
Gaiserwald,743200,254400
Gossau (SG),736500,253200
Waldkirch,739200,259200
Vaz/Obervaz,761800,177300
Lantsch/Lenz,762500,172400
Schmitten (GR),770800,173200
Albula/Alvra,768800,172100
Surses,765500,162700
Bergün Filisur,776700,166700
Brusio,807200,126400
Poschiavo,801700,133800
Falera,736900,184900
Laax,738800,185400
Sagogn,738700,183800
Schluein,736700,183500
Vals,733400,164300
Lumnezia,732700,175500
Ilanz/Glion,734900,181900
Fürstenau,753500,176400
Rothenbrunnen,751800,181700
Scharans,754500,176000
Sils im Domleschg,754100,174100
Cazis,752200,176400
Flerden,750600,174300
Masein,752000,174200
Thusis,752900,173500
Tschappina,748600,172500
Urmein,750200,173000
Safiental,740800,183500
Domleschg,753000,181000
Avers,759300,148900
Sufers,747800,159500
Andeer,752300,163200
Casti-Wergenstein,750800,165800
Donat,752400,166100
Lohn (GR),752200,168600
Mathon,751300,167000
Rongellen,753300,171200
Zillis-Reischen,753500,166800
Ferrera,753800,154100
Rheinwald,744500,157500
Bonaduz,749600,186400
Domat/Ems,753500,189100
Rhäzüns,749500,184900
Felsberg,755500,190400
Flims,740800,189000
Tamins,750200,188500
Trin,746800,188200
Zernez,803200,175600
Samnaun,825000,205300
Scuol,818500,186900
Valsot,827700,195400
Bever,787900,158700
Celerina/Schlarigna,785900,154100
Madulain,791400,162400
Pontresina,789300,151900
La Punt-Chamues-ch,791200,161200
Samedan,786600,156500
St. Moritz,784200,152400
S-chanf,794900,165400
Sils im Engadin/Segl,778600,144700
Silvaplana,781000,148100
Zuoz,793100,164300
Bregaglia,765600,134700
Buseno,728600,125900
Castaneda,731300,124200
Rossa,729800,136200
Santa Maria in Calanca,731500,125000
Lostallo,735300,130600
Mesocco,738000,139500
Soazza,737300,136600
Cama,733700,125800
Grono,731900,123300
Roveredo (GR),730700,122200
San Vittore,728800,122100
Calanca,729000,129300
Val Müstair,828800,165700
Davos,782200,185700
Fideris,775500,198600
Furna,770500,200900
Jenaz,773400,200100
Klosters-Serneus,786000,194500
Conters im Prättigau,779800,197300
Küblis,778000,198600
Luzein,777200,199200
Chur,759300,191000
Churwalden,760600,183300
Arosa,770800,183200
Tschiertschen-Praden,765500,187400
Haldenstein,759100,194100
Trimmis,762000,196300
Untervaz,759600,199600
Zizers,761800,200400
Fläsch,757700,210400
Jenins,761000,207800
Maienfeld,759100,208400
Malans,762700,205700
Landquart,761300,203600
Grüsch,768000,205700
Schiers,771300,204500
Seewis im Prättigau,767200,206600
Breil/Brigels,722900,179700
Disentis/Mustér,708100,173400
Medel (Lucmagn),708700,170100
Sumvitg,714700,176300
Tujetsch,701600,170800
Trun,718300,178000
Obersaxen Mundaun,727000,178500
Aarau,645800,249000
Biberstein,648500,251600
Buchs (AG),647600,248700
Densbüren,646300,256100
Erlinsbach (AG),643200,250100
Gränichen,650000,245400
Hirschthal,646500,241400
Küttigen,646000,251800
Muhen,646500,243400
Oberentfelden,645900,245200
Suhr,648400,246900
Unterentfelden,645700,246400
Baden,665400,258400
Bellikon,668400,249100
Bergdietikon,671600,249000
Birmenstorf (AG),661000,257100
Ennetbaden,666100,259100
Fislisbach,664400,254300
Freienwil,666900,261800
Gebenstorf,660600,259100
Killwangen,669000,253900
Künten,667300,249100
Mägenwil,659700,251500
Mellingen,663000,252300
Neuenhof,667200,255400
Niederrohrdorf,665400,252900
Oberrohrdorf,666300,252400
Obersiggenthal,664600,260000
Remetschwil,667000,251200
Spreitenbach,669900,252300
Stetten (AG),665600,250200
Turgi,661200,260500
Untersiggenthal,661500,261600
Wettingen,666300,257800
Wohlenschwil,661800,251600
Würenlingen,661700,264800
Würenlos,669800,255100
Ehrendingen,668700,261600
Arni (AG),674200,241300
Berikon,670800,244800
Bremgarten (AG),668400,244800
Büttikon,662800,242000
Dottikon,660500,248400
Eggenwil,668100,247000
Fischbach-Göslikon,665900,246900
Hägglingen,661600,248800
Jonen,672200,238800
Niederwil (AG),664600,247800
Oberlunkhofen,672100,240500
Oberwil-Lieli,671600,243200
Rudolfstetten-Friedlisberg,671100,246800
Sarmenstorf,661200,240300
Tägerig,663400,250500
Uezwil,663300,240900
Unterlunkhofen,671300,241600
Villmergen,660900,244400
Widen,669800,246800
Wohlen (AG),663400,244700
Zufikon,669600,244200
Islisberg,675700,241800
Auenstein,652900,252000
Birr,657500,254300
Birrhard,660800,254400
Bözen,648600,260600
Brugg,657900,259400
Effingen,650100,260100
Elfingen,649800,262000
Habsburg,656300,257100
Hausen (AG),658300,257100
Lupfig,657700,254800
Mandach,656200,266500
Mönthal,652900,263300
Mülligen,660400,256600
Remigen,656500,263100
Riniken,656500,260600
Rüfenach,657700,262300
Thalheim (AG),650000,254200
Veltheim (AG),653500,254300
Villigen,658500,264200
Villnachern,654400,258000
Windisch,658400,259000
Bözberg,654100,259400
Schinznach,653100,255300
Beinwil am See,657800,235300
Birrwil,657300,238000
Burg (AG),656200,231800
Dürrenäsch,654300,241400
Gontenschwil,653400,235800
Holziken,645200,241400
Leimbach (AG),655300,236000
Leutwil,655600,240000
Menziken,656700,232700
Oberkulm,651500,238900
Reinach (AG),656300,233900
Schlossrued,649100,238000
Schmiedrued,650600,234900
Schöftland,646300,239500
Teufenthal (AG),651300,242200
Unterkulm,651200,240100
Zetzwil,653800,237400
Eiken,641500,264700
Frick,643900,262000
Gansingen,652400,266000
Gipf-Oberfrick,642500,260900
Herznach,646300,258100
Hornussen,647000,261200
Kaisten,645600,265600
Laufenburg,646800,267900
Münchwilen (AG),639400,265400
Oberhof,642800,255500
Oeschgen,643500,263300
Schwaderloch,653100,270800
Sisseln,641400,267100
Ueken,646000,259500
Wittnau,640400,258900
Wölflinswil,642200,256900
Zeihen,648700,258500
Mettauertal,653700,268000
Ammerswil,658100,246800
Boniswil,656500,240800
Brunegg,658700,252300
Dintikon,659600,246200
Egliswil,656600,244600
Fahrwangen,660800,238500
Hallwil,655700,242300
Hendschiken,658800,248700
Holderbank (AG),655100,253100
Hunzenschwil,651800,248700
Lenzburg,655500,249000
Meisterschwanden,659700,238500
Möriken-Wildegg,656100,251900
Niederlenz,655700,250300
Othmarsingen,658700,250300
Rupperswil,652000,250500
Schafisheim,653200,247600
Seengen,658000,241800
Seon,654500,244300
Staufen,654900,248200
Abtwil,669500,225200
Aristau,670000,237700
Auw,670200,229300
Beinwil (Freiamt),668700,231500
Besenbüren,668500,240600
Bettwil,662700,238100
Boswil,666100,239200
Bünzen,666900,240300
Buttwil,666000,235700
Dietwil,672300,222300
Geltwil,667000,233500
Kallern,664700,241000
Merenschwand,670800,234800
Mühlau,672000,231400
Muri (AG),668400,236000
Oberrüti,672500,224300
Rottenschwil,669900,240800
Sins,672400,227200
Waltenschwil,665400,243000
Hellikon,636600,262200
Kaiseraugst,621500,265600
Magden,628200,264100
Möhlin,630600,267500
Mumpf,636300,266200
Obermumpf,637600,264400
Olsberg,626000,263500
Rheinfelden,626900,267000
Schupfart,639700,262700
Stein (AG),638400,266000
Wallbach,635000,267700
Wegenstetten,637300,260900
Zeiningen,632500,265700
Zuzgen,634800,263800
Aarburg,634900,241100
Bottenwil,642900,237300
Brittnau,638500,234300
Kirchleerau,647600,236300
Kölliken,644100,242900
Moosleerau,647300,235500
Murgenthal,630200,235300
Oftringen,636500,240700
Reitnau,645900,233400
Rothrist,633300,239500
Safenwil,641200,241300
Staffelbach,645900,237100
Strengelbach,637100,236500
Uerkheim,644300,239700
Vordemwald,634800,236000
Wiliberg,644200,235400
Zofingen,638300,237700
Baldingen,666000,267500
Böbikon,667300,267400
Böttstein,660900,269100
Döttingen,661700,269100
Endingen,664100,265500
Fisibach,672900,268400
Full-Reuenthal,657500,273800
Kaiserstuhl,673700,269100
Klingnau,661400,270100
Koblenz,659700,273200
Leibstadt,655400,271200
Lengnau (AG),667100,263700
Leuggern,658600,270200
Mellikon,668800,268900
Rekingen (AG),666500,269200
Rietheim,663100,272500
Rümikon,670700,268700
Schneisingen,669700,263500
Siglistorf,670900,266500
Tegerfelden,663800,268000
Wislikofen,669400,267900
Bad Zurzach,664500,271000
Arbon,750000,264300
Dozwil,741500,271200
Egnach,746000,267400
Hefenhofen,740000,269900
Horn,752500,262400
Kesswil,741300,273100
Roggwil (TG),747400,262800
Romanshorn,745900,270100
Salmsach,745400,269000
Sommeri,739300,270100
Uttwil,743100,272000
Amriswil,740000,267700
Bischofszell,736000,261800
Erlen,735100,267900
Hauptwil-Gottshaus,739000,261900
Hohentannen,734500,263600
Kradolf-Schönenberg,732600,265500
Sulgen,731500,266800
Zihlschlacht-Sitterdorf,736400,263200
Basadingen-Schlattingen,698300,280600
Diessenhofen,698500,282700
Schlatt (TG),695000,279700
Aadorf,710800,260900
Felben-Wellhausen,713200,271000
Frauenfeld,709600,268400
Gachnang,706500,266200
Hüttlingen,716000,270800
Matzingen,712600,264300
Neunforn,700000,273700
Stettfurt,714200,264800
Thundorf,716600,267800
Uesslingen-Buch,705200,273000
Warth-Weiningen,707900,271400
Altnau,736800,274800
Bottighofen,732800,278000
Ermatingen,723600,281300
Gottlieben,727400,280600
Güttingen,739000,274200
Kemmental,726100,273400
Kreuzlingen,730100,278800
Langrickenbach,736100,273000
Lengwil,732000,275700
Münsterlingen,734400,277000
Tägerwilen,727300,279600
Wäldi,724500,277300
Affeltrangen,719900,265300
Bettwiesen,719600,261900
Bichelsee-Balterswil,713100,256900
Braunau,723100,262600
Eschlikon,715500,258300
Fischingen,715500,252600
Lommis,715700,264700
Münchwilen (TG),717500,259800
Rickenbach (TG),721600,256600
Schönholzerswilen,728200,264200
Sirnach,718800,256600
Tobel-Tägerschen,720100,264000
Wängi,714100,261700
Wilen (TG),720300,256900
Wuppenau,725700,262000
Berlingen,718700,281300
Eschenz,707800,278500
Herdern,710600,273700
Homburg,717900,277100
Hüttwilen,707700,273900
Mammern,711000,278300
Müllheim,717600,273600
Pfyn,714000,272800
Raperswilen,720500,277000
Salenstein,721700,281100
Steckborn,715800,280400
Wagenhausen,705300,279000
Amlikon-Bissegg,721900,270100
Berg (TG),730000,271200
Birwinken,732300,271600
Bürglen (TG),729000,268000
Bussnang,723400,268800
Märstetten,722600,272600
Weinfelden,725700,269800
Wigoltingen,719700,273100
Arbedo-Castione,723900,119200
Bellinzona,722400,116800
Cadenazzo,716700,112200
Isone,719600,109800
Lumino,725500,121200
Sant'Antonino,719000,112500
Acquarossa,714600,146700
Blenio,715200,154200
Serravalle,718700,140900
Airolo,689800,153700
Bedretto,682300,151100
Bodio,713400,137300
Dalpe,702600,147800
Faido,704600,148400
Giornico,710600,140000
Personico,713800,136400
Pollegio,715800,135900
Prato (Leventina),701300,148800
Quinto,697700,151900
Ascona,702900,112400
Brione (Verzasca),704200,128200
Brione sopra Minusio,706300,115600
Brissago,698300,108300
Corippo,708100,121500
Frasco,705000,132900
Gordola,710000,115500
Lavertezzo,708100,123900
Locarno,704700,113800
Losone,702200,113500
Mergoscia,708700,118500
Minusio,706300,115000
Muralto,705600,114500
Orselina,705200,115200
Ronco sopra Ascona,699500,111100
Sonogno,703700,134100
Tenero-Contra,708800,115300
Vogorno,709600,120000
Onsernone,691300,117400
Cugnasco-Gerra,714200,114700
Agno,713100,95000
Aranno,710900,97200
Arogno,720100,91000
Astano,706700,96600
Bedano,714500,101000
Bedigliora,708700,95500
Bioggio,713800,96800
Bissone,718400,90200
Brusino Arsizio,716400,87400
Cademario,712700,97700
Cadempino,715900,99100
Canobbio,718300,99300
Caslano,711800,92300
Comano,717400,99400
Croglio,708400,94400
Cureglia,716600,99500
Curio,710400,95500
Grancia,715500,91800
Gravesano,714400,100000
Lamone,715700,100400
Lugano,717100,95900
Magliaso,712400,93500
Manno,714600,99200
Maroggia,718800,88200
Massagno,716400,96900
Melano,720100,86500
Melide,716900,90300
Mezzovico-Vira,714400,105400
Miglieglia,709900,98000
Monteggio,706000,94400
Morcote,714000,87300
Muzzano,715000,95100
Neggio,711600,93900
Novaggio,709700,96400
Origlio,716500,101400
Paradiso,716700,94400
Ponte Capriasca,717000,102300
Ponte Tresa,710100,91800
Porza,717300,98500
Pura,710900,93600
Rovio,720200,88000
Savosa,717000,97800
Sessa,706900,95200
Sorengo,715900,95000
Capriasca,718200,102900
Torricella-Taverne,715500,102600
Vernate,712100,94700
Vezia,716100,97900
Vico Morcote,715000,87600
Collina d'Oro,714600,93400
Alto Malcantone,713200,100700
Monteceneri,714600,108500
Balerna,721800,78700
Castel San Pietro,721900,80200
Chiasso,723400,77200
Coldrerio,720300,79200
Mendrisio,720000,81000
Morbio Inferiore,722600,79200
Novazzano,719900,77800
Riva San Vitale,718800,85000
Stabio,716500,78800
Vacallo,724000,78600
Breggia,722900,80100
Biasca,717900,135500
Riviera,718700,128900
Bosco/Gurin,681100,130000
Campo (Vallemaggia),681400,126900
Cerentino,685300,128800
Cevio,689500,130100
Linescio,688200,129200
Maggia,697900,122500
Lavizzara,694000,136900
Avegno Gordevio,700700,120400
Comunanza Cadenazzo/Monteceneri,724500,111600
Comunanza Capriasca/Lugano,722700,105900
Terre di Pedemonte,699800,115800
Centovalli,697400,114800
Gambarogno,709600,111700
Aigle,563600,129700
Bex,567300,122200
Chessel,558100,133300
Corbeyrier,563200,133400
Gryon,571000,124800
Lavey-Morcles,567700,118700
Leysin,567000,132500
Noville,558600,136900
Ollon,568500,127400
Ormont-Dessous,570200,134600
Ormont-Dessus,578000,133600
Rennaz,560000,136200
Roche (VD),561000,134500
Villeneuve (VD),560600,138600
Yvorne,563200,131200
Apples,522500,156200
Aubonne,519600,149800
Ballens,518400,156500
Berolle,515500,156900
Bière,515200,154600
Bougy-Villars,516800,148100
Féchy,518000,148300
Gimel,513200,151500
Longirod,509400,149900
Marchissy,508500,149200
Mollens (VD),517100,159000
Montherod,517700,150300
Saint-George,509600,152100
Saint-Livres,519300,151300
Saint-Oyens,513300,150300
Saubraz,514900,152100
Avenches,569600,192200
Cudrefin,568100,200600
Faoug,572500,195300
Vully-les-Lacs,568300,196500
Bettens,534000,164400
Bournens,532900,161800
Boussens,534400,161700
La Chaux (Cossonay),526000,163400
Chavannes-le-Veyron,524300,162100
Chevilly,526300,166200
Cossonay,528700,162900
Cottens (VD),524600,158500
Cuarnens,523400,164300
Daillens,531800,163600
Dizy,527800,165300
Eclépens,530100,167200
Ferreyres,527000,167900
Gollion,528700,159800
Grancy,525400,160600
L'Isle,521300,163000
Lussery-Villars,530100,164800
Mauraz,522300,162000
Mex (VD),532000,158900
Moiry,524600,166900
Mont-la-Ville,521200,166600
Montricher,518700,161500
Orny,530200,168900
Pampigny,522500,159300
Penthalaz,530200,162900
Penthaz,531000,161400
Pompaples,529000,168800
La Sarraz,529100,167800
Senarclens,527200,161500
Sévery,523300,158700
Sullens,533100,160600
Vufflens-la-Ville,531100,158900
Assens,537500,162700
Bercher,544300,171400
Bioley-Orjulaz,535700,163600
Bottens,540300,163300
Bretigny-sur-Morrens,538900,161100
Cugy (VD),538800,159400
Echallens,538400,165800
Essertines-sur-Yverdon,538800,174000
Etagnières,536700,161300
Fey,542200,169600
Froideville,542100,161300
Morrens (VD),537800,160300
Oulens-sous-Echallens,534000,166000
Pailly,541600,172500
Penthéréaz,536100,170400
Poliez-Pittet,542000,164300
Rueyres,542800,171700
Saint-Barthélemy (VD),535800,165200
Villars-le-Terroir,538800,167600
Vuarrens,539500,170800
Montilliez,540700,165400
Goumoëns,536100,167800
Bonvillars,541400,187800
Bullet,532500,187000
Champagne,540500,187000
Concise,545200,189400
Corcelles-près-Concise,544300,188700
Fiez,537900,186600
Fontaines-sur-Grandson,537500,187400
Giez,537400,184800
Grandevent,536500,187800
Grandson,539400,184400
Mauborget,537300,189700
Mutrux,545800,192600
Novalles,535700,186700
Onnens (VD),542700,187900
Provence,545700,193500
Sainte-Croix,528500,186100
Tévenon,538100,188700
Belmont-sur-Lausanne,541700,152400
Cheseaux-sur-Lausanne,536100,159600
Crissier,534000,156300
Epalinges,541400,155700
Jouxtens-Mézery,535600,156000
Lausanne,538200,152400
Le Mont-sur-Lausanne,538400,156800
Paudex,541000,150800
Prilly,536100,154100
Pully,540200,151300
Renens (VD),534100,154400
Romanel-sur-Lausanne,536000,157300
Chexbres,549200,148100
Forel (Lavaux),548700,154600
Lutry,542300,150500
Puidoux,549700,150200
Rivaz,549300,147400
Saint-Saphorin (Lavaux),550600,147100
Savigny,545800,154400
Bourg-en-Lavaux,544500,149500
Aclens,528800,157800
Bremblens,529400,155400
Buchillon,521800,147000
Bussigny,532000,155800
Bussy-Chardonney,523500,153600
Chavannes-près-Renens,533500,153300
Chigny,526200,152500
Clarmont,524200,155600
Denens,524700,152400
Denges,531100,153000
Echandens,531100,154000
Echichens,527900,153200
Ecublens (VD),533000,153500
Etoy,521800,148800
Lavigny,520800,150000
Lonay,529600,153300
Lully (VD),525300,150900
Lussy-sur-Morges,524100,150800
Morges,528100,152000
Préverenges,530100,152200
Reverolle,523300,155000
Romanel-sur-Morges,528800,156500
Saint-Prex,524600,148300
Saint-Sulpice (VD),532400,151400
Tolochenaz,526000,150900
Vaux-sur-Morges,525200,154300
Villars-Sainte-Croix,532800,157800
Villars-sous-Yens,522600,151500
Vufflens-le-Château,525700,153300
Vullierens,526700,158400
Yens,521700,152400
Boulens,545000,170300
Bussy-sur-Moudon,552000,170700
Chavannes-sur-Moudon,551800,167600
Curtilles,554900,172100
Dompierre (VD),557500,173100
Hermenches,548000,165800
Lovatens,556100,171300
Lucens,554100,173200
Moudon,551000,168800
Ogens,545300,173600
Prévonloup,557300,172200
Rossenges,549100,167300
Syens,549500,166300
Villars-le-Comte,551100,173500
Vucherens,549100,163700
Montanaire,547800,172700
Arnex-sur-Nyon,504000,136700
Arzier-Le Muids,505500,146100
Bassins,507400,146600
Begnins,508700,144000
Bogis-Bossey,502100,134400
Borex,502900,137200
Chavannes-de-Bogis,501700,133300
Chavannes-des-Bois,499400,130200
Chéserex,502800,139600
Coinsins,507700,142100
Commugny,502600,130500
Coppet,504000,130300
Crans-près-Céligny,505000,134800
Crassier,501900,136700
Duillier,507300,140500
Eysins,505200,137400
Founex,504100,132100
Genolier,506100,143300
Gingins,503100,140500
Givrins,504900,142700
Gland,509700,141700
Grens,504000,138800
Mies,502200,128800
Nyon,507700,137500
Prangins,508500,138800
La Rippe,500900,137500
Saint-Cergue,501600,144700
Signy-Avenex,504900,138400
Tannay,502800,129400
Trélex,505100,141200
Le Vaud,507500,148100
Vich,508700,142700
L'Abergement,527500,178600
Agiez,528800,174500
Arnex-sur-Orbe,529700,171700
Ballaigues,521700,175900
Baulmes,530100,182500
Bavois,533300,170700
Bofflens,528100,172900
Bretonnières,526100,174000
Chavornay,533600,173100
Les Clées,525400,176100
Croy,526400,171900
Juriens,524300,171600
Lignerolle,524900,177100
Montcherand,529100,176200
Orbe,530800,175200
La Praz,522600,169000
Premier,524000,173100
Rances,530600,179200
Romainmôtier-Envy,525200,171800
Sergey,528300,178200
Valeyres-sous-Rances,530200,178400
Vallorbe,519000,173900
Vaulion,519800,171400
Vuiteboeuf,532100,184400
Corcelles-le-Jorat,546600,162000
Essertes,550200,157000
Maracon,556500,155600
Montpreveyres,546500,159200
Ropraz,547400,162800
Servion,549800,158500
Vulliens,550500,163500
Jorat-Menthue,543700,164100
Oron,553100,158000
Jorat-Mézières,549200,161800
Champtauroz,550400,179000
Chevroux,559600,193200
Corcelles-près-Payerne,563600,186800
Grandcour,561200,191300
Henniez,557600,176900
Missy,564300,192000
Payerne,561700,185700
Trey,560800,179900
Treytorrens (Payerne),551300,180200
Villarzel,559900,177700
Valbroye,557900,179200
Château-d'Oex,576500,147000
Rossinière,572600,146300
Rougemont,582400,148700
Allaman,519900,147100
Bursinel,512800,143700
Bursins,511800,145100
Burtigny,509300,146800
Dully,512300,143000
Essertines-sur-Rolle,513900,149600
Gilly,512300,145800
Luins,510300,144000
Mont-sur-Rolle,515400,147200
Perroy,517600,146800
Rolle,515300,145800
Tartegnin,513800,146700
Vinzel,510900,144600
L'Abbaye,510700,164200
Le Chenit,506900,162100
Le Lieu,512800,168200
Blonay,558200,146000
Chardonne,553000,147500
Corseaux,552900,147000
Corsier-sur-Vevey,554200,146700
Jongny,554300,147800
Montreux,559500,142800
Saint-Légier-La Chiésaz,557100,146800
La Tour-de-Peilz,555600,144800
Vevey,554400,145700
Veytaux,560700,141100
Belmont-sur-Yverdon,537800,177500
Bioley-Magnoux,544400,175300
Chamblon,536400,181200
Champvent,533800,181700
Chavannes-le-Chêne,549600,180900
Chêne-Pâquier,548800,180300
Cheseaux-Noréaz,541400,181100
Cronay,543300,178600
Cuarny,542300,180200
Démoret,547900,177600
Donneloye,544700,177300
Ependes (VD),536600,177300
Mathod,533300,179900
Molondin,547300,179000
Montagny-près-Yverdon,536900,182600
Oppens,542900,173900
Orges,535100,184400
Orzens,542200,175100
Pomy,541200,179000
Rovray,548600,181800
Suchy,535800,175000
Suscévaz,534300,179600
Treycovagnes,536600,180600
Ursins,541100,176300
Valeyres-sous-Montagny,536700,183400
Valeyres-sous-Ursins,540100,177500
Villars-Epeney,543300,181400
Vugelles-La Mothe,534300,186200
Yverdon-les-Bains,539000,181200
Yvonand,546900,183500
Brig-Glis,642400,129600
Eggerberg,634000,128900
Naters,642300,130700
Ried-Brig,644500,129500
Simplon,647700,116200
Termen,645000,131000
Zwischbergen,654200,116200
Ardon,586000,117800
Chamoson,583500,116600
Conthey,589700,119900
Nendaz,589700,115200
Vétroz,587900,119400
Bagnes,585500,101200
Bourg-Saint-Pierre,582100,88700
Liddes,580400,93400
Orsières,577400,97700
Sembrancher,577800,103000
Vollèges,579100,104000
Bellwald,655500,141600
Binn,657300,135000
Ernen,654300,138800
Fiesch,653400,139300
Fieschertal,654200,141800
Lax,652400,137700
Obergoms,670000,154200
Goms,663400,148700
Ayent,597600,125000
Evolène,604400,106900
Hérémence,597400,114300
Saint-Martin (VS),600400,113500
Vex,596800,117800
Mont-Noble,599200,119700
Agarn,617400,127200
Albinen,615000,132100
Ergisch,621200,126900
Inden,613800,132600
Leuk,615100,129600
Leukerbad,614700,136500
Oberems,619800,125600
Salgesch,610100,128900
Varen,613000,129700
Guttet-Feschel,617500,130400
Gampel-Bratsch,623400,129400
Turtmann-Unterems,620400,127700
Bovernier,572800,103200
Charrat,576600,107800
Fully,574900,109700
Isérables,585000,112300
Leytron,582200,115100
Martigny,571500,105300
Martigny-Combe,569000,105000
Riddes,583300,113400
Saillon,580400,113400
Saxon,580000,110800
Trient,565700,100600
Champéry,556100,114200
Collombey-Muraz,560600,125300
Monthey,562300,122500
Port-Valais,554900,137000
Saint-Gingolph,551300,138000
Troistorrents,559800,119800
Val-d'Illiez,557900,117200
Vionnaz,558600,128900
Vouvry,557600,131800
Bister,648200,134500
Bitsch,643900,132100
Grengiols,650400,135900
Riederalp,645700,134200
Ausserberg,631800,129300
Blatten,629300,141100
Bürchen,628900,125900
Eischoll,626300,127000
Ferden,624700,138100
Kippel,625700,138700
Niedergesteln,626400,129200
Raron,627900,128900
Unterbäch,627800,126000
Wiler (Lötschen),626600,139300
Mörel-Filet,646700,134100
Steg-Hohtenn,623900,129200
Bettmeralp,648600,136300
Collonges,568900,113400
Dorénaz,569500,110900
Evionnaz,568000,114200
Finhaut,564300,103600
Massongex,565400,121300
Saint-Maurice,566500,118600
Salvan,567800,107800
Vernayaz,569300,109300
Vérossaz,564900,117900
Chalais,605300,123800
Chippis,608000,125300
Grône,601300,122200
Icogne,600000,126600
Lens,600600,125300
Miège,608300,129000
Saint-Léonard,598500,122500
Sierre,607300,127000
Venthône,607000,128400
Veyras,607600,127900
Anniviers,610600,114200
Crans-Montana,604400,129400
Arbaz,595800,124600
Grimisuat,595800,123200
Savièse,593000,122000
Sion,594000,120100
Veysonnaz,592200,116100
Baltschieder,632800,128700
Eisten,635100,116600
Embd,630700,118300
Grächen,630900,116000
Lalden,635800,127700
Randa,626800,105600
Saas-Almagell,640200,105000
Saas-Balen,637800,111600
Saas-Fee,637700,106300
Saas-Grund,638600,108100
St. Niklaus,628100,113900
Stalden (VS),633300,120300
Staldenried,634200,119900
Täsch,626300,101800
Törbel,631800,120800
Visp,634300,126900
Visperterminen,635800,123100
Zeneggen,632900,124700
Zermatt,623900,96500
Boudry,554300,200000
Corcelles-Cormondrèche,556500,203700
Cortaillod,554900,199200
Peseux,558200,204200
Rochefort,552200,203200
Milvignes,556000,201800
La Grande-Béroche,552500,197900
La Chaux-de-Fonds,553400,216900
Les Planchettes,549300,217500
La Sagne,551400,210000
Les Brenets,544300,213300
La Brévine,536700,203600
Brot-Plamboz,546700,202400
Le Cerneux-Péquignot,541200,207600
La Chaux-du-Milieu,544000,207200
Le Locle,547600,212000
Les Ponts-de-Martel,546100,205500
Cornaux,568200,209800
Cressier (NE),569500,211200
Enges,567600,211800
Hauterive (NE),564500,207100
Le Landeron,571600,211600
Lignières,571600,214700
Neuchâtel,561300,204700
Saint-Blaise,565600,207100
La Tène,567200,206900
Valangin,559500,207300
Val-de-Ruz,560700,212700
La Côte-aux-Fées,527700,191000
Les Verrières,527200,195200
Val-de-Travers,534800,195000
Aire-la-Ville,492300,116400
Anières,506300,125700
Avully,489000,114200
Avusy,489600,111300
Bardonnex,497000,111800
Bellevue,501000,123500
Bernex,494600,114700
Carouge (GE),499700,115600
Cartigny,490400,114600
Céligny,504300,134000
Chancy,486700,112000
Chêne-Bougeries,503400,117000
Chêne-Bourg,504000,116600
Choulex,506400,120000
Collex-Bossy,498400,125200
Collonge-Bellerive,504400,121800
Cologny,503100,119200
Confignon,495500,114500
Corsier (GE),506400,124200
Dardagny,488600,116900
Genève,500000,117900
Genthod,501100,124600
Le Grand-Saconnex,498600,121100
Gy,508900,123000
Hermance,508000,128500
Jussy,509500,121000
Laconnex,491700,112600
Lancy,498100,116300
Meinier,507100,122400
Meyrin,494600,120600
Onex,496500,115500
Perly-Certoux,495800,112600
Plan-les-Ouates,498000,113900
Pregny-Chambésy,500100,122000
Presinge,509000,119200
Puplinge,506800,118300
Russin,490000,116100
Satigny,491500,119100
Soral,492200,111300
Thônex,504200,116000
Troinex,500400,113000
Vandoeuvres,504600,119600
Vernier,495700,119100
Versoix,501500,126500
Veyrier,503200,113600
Boécourt,583100,244300
Bourrignon,585400,249600
Châtillon (JU),592800,241800
Courchapoix,601300,244200
Courrendlin,595100,243100
Courroux,595200,245600
Courtételle,590900,243300
Delémont,593000,245900
Develier,589100,245000
Ederswiler,592200,252800
Mervelier,604800,243600
Mettembert,591200,249700
Movelier,590800,251000
Pleigne,588800,250700
Rossemaison,592700,243900
Saulcy,578500,239000
Soyhières,594800,249100
Haute-Sorne,585400,243000
Val Terbi,598200,244200
Le Bémont (JU),567900,234900
Les Bois,559600,225200
Les Breuleux,567100,229100
La Chaux-des-Breuleux,568900,230300
Les Enfers,570200,237500
Les Genevez (JU),576600,234000
Lajoux (JU),577200,236500
Montfaucon,570800,236900
Muriaux,565200,232900
Le Noirmont,563500,230500
Saignelégier,566500,234000
Saint-Brais,575400,239500
Soubey,570500,239800
Alle,576800,252800
Beurnevésin,577300,260300
Boncourt,568200,260700
Bonfol,578500,258500
Bure,567400,254600
Coeuve,574300,255900
Cornol,579300,250600
Courchavon,571200,254400
Courgenay,576400,250300
Courtedoux,570100,251000
Damphreux,574700,258400
Fahy,563300,252000
Fontenais,573000,250300
Grandfontaine,562300,249100
Lugnez,574300,259300
Porrentruy,572800,251800
Vendlincourt,578200,255600
Basse-Allaine,569300,258900
Clos du Doubs,579100,246300
Haute-Ajoie,567000,249100
La Baroche,582400,252500
